ABOUT (v.1),bent-1 
ABOUT (v.3),extended-B
ABOUT (v.4),5
ACCESS,extended-B
ACCIDENT (v.1),S
ACCIDENT (v.2),bent-extended-B
ACCIDENT (v.3),8
ACCIDENT (v.4) (BY ACCIDENT / ACCIDENTALLY),1
ACCIDENT (v.5) (BY ACCIDENT / ACCIDENTALLY),Y
ACCOMPLISH,1
ACT (v.1),Spread C 
ACT (v.2),extended-A
ADD (v.2),5
BABY,bent-extended-B
BACHELOR,B1
BACK (v. 2),extended-A
BACKPACK,C
BACON,bent-extended-u
BAD,extended-B
BAD (v. 2),I
BADGE,C-index
BAG,S
BAKE,extended-B
BALANCE,extended-B
BALD,bent-midfinger-5
BALL (v. 1),C
BANDAGE,B1
ADDICT,crooked-1
ADDRESS (v.1),extended-A
ADDRESS (v.3),extended-B
ADDRESS (v.4),extended-B
ADMIRE (v.2),V
ADMIT (v.1),extended-B
ADMIT (v.2),extended-B
ADULT (v.1),bent-extended-B
ADVANTAGE,F
ADVERTISE,S
AFTER (v.2),A
AFTER (v.4),A
BACK (v. 1),extended-B
BACK (v. 3),S
BACK_UP,3
BACKUP,extended-A
BAR (v. 1),Y
BAR (v. 2),extended-B
BARELY (v. 1),F
BASEBALL,S
BASEMENT (v. 1),bent-1 
BASKET,C
AFTERNOON (v.1),extended-B
AFTERNOON (v.2),B1
AGE (v.2),bent-extended-B
AGREE,1
AIRPLANE,combined-ILY
BASKETBALL (v. 1),crooked-5
BASKETBALL (v. 2),extended-B
BAT (v. 2),S
BATH,extended-A
BATHROOM (v. 1),A
BATHROOM (v. 3),extended-B
1_DOLLAR,1
ALCOHOL,combined-I+1
ALL (v.1),extended-B
(ALL) OVER,5
ALONE,1
ALWAYS,1
BATTERY (v. 1),X
BATTERY (v. 2),S
BEAR (v. 1),clawed-extended-5
BEAR (v. 2),extended-B
BEAR (v. 3),A
BEAR (v. 4),bent-extended-B
BEARD,Spread C 
BEAVER (v. 1),clawed-V
BEAVER (v. 2),extended-B
BECAUSE (v. 1),extended-R
BECAUSE (v. 2),bent-midfinger-5
BECOME (v. 1),extended-B
BECOME (v. 2),1
BED,extended-B
BEE (v. 1),closed-X
BEER (v. 1),B1
BEFORE (v. 2),bent-extended-B
(GO) BEFORE (v. 5),extended-B
ANGEL,bent-extended-B
ANGRY,clawed-extended-5
ANIMAL (v.1),bent-extended-B
ANIMAL (v.2),bent-V
ANNOUNCE,1
ANSWER,1
ANTLERS,5
ANY,extended-A
APART,bent-extended-B
APPEAR (v.1),bent-extended-B
BEHAVIOUR,Spread C 
BEHIND (v. 1),extended-A
BEHIND (v. 3),A
BELIEVE (v. 2),Extended-C
BELIEVE (v. 3),crooked-U 
BELT,modified-g
BEND,flat-O
APPLE (v.1),X
APPLE (v.2),clawed-extended-L
APPOINTMENT (v.2),S
AREA (v.1),5
AREA (v.2),B1
ARGUE,bent-1 
ARMY,A
ARGUE (alt.),bent-1 
ARRIVE (v.2),extended-B
ARRIVE (v.2 alt.),extended-B
ARTICLE (v.2),extended-B
BENEFIT,F
BEST (v. 2),extended-A
BET,B1
BETTER (v. 2),extended-A
BETWEEN (v. 2),extended-B
BICYCLE (v. 1),S
BICYCLE (v. 2),clawed-extended-L
BIG (v. 1),clawed-extended-L
BIG (v. 2),bent-extended-B
ASK (v.3),extended-B
ASSIGN,X
ASSIST (v.2),extended-A
ATHLETE,A
(PAY) ATTENTION,extended-B
ATTITUDE,A
AUDIENCE,crooked-5
AUDITORIUM (v.2),F
AUNT,A
AUTOMATIC (v.2),X
BIND (v. 1),covered-T
(IN A) BIND,bent-V
BINOCULARS,C
BIOLOGY,B1
BIRD,modified-g
BIRTH (v. 1),extended-B
BIRTH (v. 2),extended-B
BIRTHDAY (v. 5),extended-K
BIRTHDAY (v. 6),bent-midfinger-5
BITCH (v. 1),B1
BITCH (v. 2),crooked-5
BLACK,bent-1 
BLANKET,bent-extended-B
BLIND (v. 1),crooked-V
BLIND (v. 2),closed-X
BLINDS,Bent-B 
VERTICALS,B1
BLOND,Y
BLOUSE,crooked-5
CAREFUL,K
BLOW (v. 2),5
BLUE (v. 1),B1
BLUE (v. 2),bent-midfinger-5
BLURRY,5
BOARD (v. 1),B1
BOARD (v. 2),Extended-C
BOARD (v. 3),1
BOAT,Extended-C
BODY,extended-B
BOIL,bent-5
BOMB,S
BONE,S
BOOK (v. 1),extended-B
BOOT (v. 2),X
BORED (v. 1),1
BORROW,V
BOSS (v. 2),Spread C 
BOSS (v. 3),1
CARRY,extended-B
CASTLE,S
CASUAL,1
CAT,flat-F
CATCH (v.5),F
CATEGORY,Spread C 
CAUSE (v.2),extended-R
CELEBRATE ,covered-T
CEREAL,X
CERTIFY,C
CHAIN,F
CHAIR (v.1),U
CHAIR (v.2),X
CHALLENGE,extended-A
CHANCE,A
CHANGE ,A
CHANGE (CLOTHES),covered-T
CHAOS,crooked-5
CHARACTER (v.1),C
BOTH (v. 2),K
BOTTOM,extended-B
BOUNCE,extended-B
BOWL (v. 1),Extended-C
BOWL (v. 2),Spread C 
BOX (v. 2),S
BRA,Extended-C
BRAG,extended-A
BRAVE (v. 2),bent-extended-B
BREAD (v. 2),extended-B
BREAK (v. 1),S
BREAK (v. 3),modified-5
BREAKDOWN,crooked-5
BREATHE,5
BRIDESMAID (v. 1),S
BRIDESMAID (v. 2),S
BRIDGE (v. 1),V
BRIDGE (v. 2),V
BRIDGE (v. 3),A
BRIGHT (v. 2),bent-midfinger-5
BRING,extended-B
CHAT,crooked-5
CHEAT (v.1),modified-5
CHEAT (v.2),crooked-L
CHEAT (v.3),crooked-1
CHEAT (v.5),1
CHEEK,1
CHEESE,crooked-5
CHEW,A
CHILD,bent-extended-B
CHILDREN,extended-B
CHIN,bent-1 
CHOKE,C
CHOP,extended-B
BROTHER (v. 1),L
BROTHER (v. 2),A
BROWN (v. 1),bent-5
BROWN (v. 2),B1
BROWN (v. 4),Spread C 
BRUSH (v. 1),A
BRUSH (v. 2),bent-1 
BUDGET (v. 2),Contracted B 
BUFFALO (v. 1),S
BUFFALO (v. 2),Y
BUG (v. 1),3
BUG (v. 2),clawed-V
BUILDING,bent-extended-B
BURN (v. 2),5
BURY (v. 2),extended-B
BUSINESS (v. 2),S
BUT (v. 1),1
BUTTON,F
GOODBYE,bent-extended-B
GOODBYE (alt.),bent-extended-B
CHRISTMAS (v.1),C
CHRISTMAS (v.2),covered-T
CHRISTMAS (v.3),C
CHRISTMAS (v.4),C
CHRISTMAS (v.5),crooked-5
CIGAR,bent-R
CIRCLE,bent-1 
CIRCUS,clawed-V
CITY,extended-B
CLAP,extended-B
CLASH (v.1),1
CLASS,Spread C 
CLEAN,extended-B
CLOSE (A BOOK) (v.1),extended-B
CLOSE (A BUSINESS) (v.2),B1
CLOSE (A DOOR) (v.3),B1
CLOSE (A WINDOW) (v.6),bent-extended-B
CLOTHES,5
CLOUD,Spread C 
CLOWN,spread-open-O
COACH,Spread C 
COKE (v.2),extended-A
COKE (v.3),L
COFFEE (v.1),S
COFFEE (v.2),C
COIN,F
COLD (v.1),A
COLD (v.2),A-index 
COLLEGE ,extended-B
COLOUR (v.1),5
COMB,crooked-5
COME (v.1),1
COME (v.2),extended-B
COMFORTABLE ,Extended-C
COMMENT ,4
COMMITTEE (v.1),Extended-C
COMMUNICATE,C
COKE (v.  2 alt.),extended-A
DAMN,D
DANGEROUS (v. 1),A
DANGEROUS (v. 2),extended-B
DANGEROUS (v. 3),V
DANGEROUS (v. 4),clawed-V
DARK (v. 1),extended-B
DAUGHTER (v. 1),extended-B
DAUGHTER (v. 2),bent-extended-B
DEAF,1
DEAF (alt.),1
DEATH,extended-B
DECIDE,F
DECLINE (v. 1),bent-extended-B
DECLINE (v. 2),extended-B
DECLINE (v. 4),5
DECORATE,Spread C 
DEDICATE,U
DEER,5
DEGREE (v. 1),F
DEGREE (v. 3),1
COMMUTE,extended-A
COMPLAIN,Spread C 
COMPLEX (v.1),crooked-5
COMPLEX (v.2),X
COMPUTER (v.1),C
COMPUTER (v.2),Extended-C
CONCEPT,I
CONCERNED (v.1),bent-midfinger-5
CONCERNED (v.2),1
CONFIDENTIAL,A
CONFUSE (v.1),crooked-5
CONFUSE (v.2),crooked-5
CONSUME (v.1),modified-O
CONTACT (v.1),bent-midfinger-5
CONTACT LENS,bent-midfinger-5
CONTINUE,extended-A
CONVINCE,extended-B
COOK,extended-B
COOKIE (v.2),clawed-extended-5
COOL (v.1),bent-extended-B
COOPERATE,F
CORNER (v.1),1
CORRECT (v.1),1
CORRECT (v.2),X
COST (v.2),F
COUGH,Spread C 
COUNTRY (v.1),Y
COUSIN (v.1),C
COUSIN (v.2),C
COVER UP,extended-B
COW,Y
COWBOY,L
CRACK (v.1),extended-B
CRACKER (v.1),A
CRAWL (v.2),crooked-5
CRAZY (v.1),crooked-5
CRAZY (v.2),1
CRAZY (v.3),crooked- slanted- 5
CREATE (v.1),4
CREATE (v.2),S
CROCODILE,Spread C 
CROSS (v.3),1
CROSS (v.4),Extended-C
CROSS (v.5),1
CROSS (v.6),1
CROWN,clawed-extended-L
CRY (v.2),Spread C 
CURIOUS (v.1),F
CURIOUS (v.2),crooked-5
CURLY HAIR,Spread C 
CURTAIN,4
CUT (CAKE) (v.3),extended-B
CUT (MEAT) (v.5),closed-A-index
CUTE ,extended-U 
DELEGATE (v. 2),D
DELEGATE (v. 3),X
DELIBERATE (v. 1),flat-O
DELICIOUS (v. 2),5
DEMOTE (v. 2),bent-extended-B
DENT,bent-extended-B
DENTIST (v. 1),X
DENTIST (v. 2),extended-A
DENTIST (v. 3),bent-thumb-L
DENY (v. 1),extended-A
DEODORANT,S
DEODORANT (alt.),X
DEPEND,1
DEPRESSED (v. 2),5
DEPRESSION,bent-extended-B
DESERT (v. 2),5
DESIGN (v. 1),4
DEVELOP (v. 2),Contracted B 
DEVIL,crooked-extended-V
DEVOUR,bent-extended-B
DIAMOND (v. 3),D
DIAMOND (v. 4),bent-1 
DIE,extended-B
DIFFERENT,1
DIG (v. 1),A
DIG (v. 2),crooked-5
DINNER,modified-O
DINOSAUR,clawed-V
DIRECTOR,X
DIRTY,modified-5
DISAPPOINTED,1
DISRUPT,crooked-5
DYE,F
DUMB,A
DRY,X
DRUNK (v.1),extended-A
DRUNK (v.2),B1
DRUM (v.2),closed-A-index
DRUG (v.2),S
DRUG (v.1),bent-midfinger-5
DROWN (v.1),crooked-5
DROP (v.2),bent-U
DRIVE (v.1),S
DRIVE (v.2),covered-T
DRIVE (v.3),A
DRINK,C
DRESS (v.2),modified-5
DRAWER,S
DRAW (v.4),covered-T
DRAG (v.1),S
DOWNSIZE ,crooked-L
DOWN (v.1),bent-1 
DOWN (v.2),bent-midfinger-5
DOUBLE (v.2),extended-B
DORMITORY,D
(BE) DISTRACTED,bent-V
DIVE,bent-U
DIVIDE,extended-B
DIVIDE (alt. 1),extended-B
DIZZY,crooked-5
(WHAT TO) DO,Partially Bent D
DOCTOR,crooked-5
DOCUMENT (v. 1),crooked-5
DOG (v. 1),extended-B
DOG (v. 2),D
DOLL (v. 1),X
DOLL (v. 2),1
DOMINANT,S
DONKEY,B1
(DON'T/DOESN'T/DIDN'T) KNOW,extended-B
(DON'T) LIKE (v. 1),extended-B
DOUGHTNUT (v. 1),F
DOUGHNUT (v. 3),F
DOOR (v. 1),B1
DOOR (v. 2),extended-B
EACH,extended-A
EACH OTHER ,extended-A
EAGLE,X
EAR,1
EARLY (v.1),bent-midfinger-5
EARLY (v.3),crooked-5
EARRINGS,open-O-index
EAST,E
EASTER,E
EASY (v.2),crooked-1
EAT,modified-O
EDIT (v.2),covered-T
EDIT (v.3),slanted-V
EGG (v.1),bent-U
EIGHT,8
EITHER (v.3),Y
ELEGANT,5
ELEMENTARY SCHOOL,extended-B
ELEPHANT,C
EMBARRASSED (v.2),5
EMOTION,E
EMPTY (v.2),bent-extended-B
END (v.1),5
END (v.2),extended-B
END (v.3),extended-B
END (v.4),I
ENEMY,bent-1 
ENERGY,E
ENGINE,clawed-extended-5
ENJOY,extended-B
ENOUGH,extended-B
EQUAL,bent-extended-B
ERASE (BOARD) (v.2),A
EVALUATE (v.2),E
EVEN (v.2),bent-extended-B
EVEN (v.3),bent-extended-B
(GET) EVEN (v.6),bent-extended-B
EVENT (v.2),1
EVERYDAY,A
EVIDENCE ,extended-B
EXCITED ,bent-midfinger-5
EXCUSE (v.2),bent-extended-B
EXERCISE (v.1),S
EXPERIMENT (v.2),E
EXPERT (v.1),C
EXPERT (v.2),F
EXPLAIN,F
EXPLODE,S
EXPRESS (v.2),extended-B
EYE,bent-1 
FACE (v. 2),extended-B
FACE (v. 1),1
FAINT (v. 2),bent-midfinger-5
FAIR (v. 1),bent-extended-B
FAIR (v. 2),5
FAIR (v. 5),clawed-V
FAKE (v. 1),1
FAKE (v. 3),Bent-B 
FALL (v. 1),B1
FALL (v. 4),bent-U
FALL (v. 6),extended-B
FALL_ASLEEP (v. 2),bent-extended-B
FAMILY,F
FAMOUS,bent-1 
FAN (v. 1),1
(CEILING) FAN (v. 2),1
FAN (v. 3),flat-O
FANTASY (v. 1),I
FANTASY (v. 3),4
FAR (v. 1),extended-A
FAR (v. 2),1
FARM (v. 1),extended-B
FARM (v. 2),modified-5
FARM (v. 3),extended-B
FASCINATED,Spread C 
FASHION,modified-5
FAT (v. 1),crooked-5
FAT (v. 2),crooked-5
FATHER (v. 1),1
FATHER (v. 2),5
FATHER (v. 3),U
FAULT (v. 1),bent-extended-B
FAULT (v. 2),Y
FAULT (v. 3),B1
FAVOURITE (v. 1),bent-midfinger-5
FAVOURITE (v. 2),S
FAVOURITE (v. 3),S
FEED (v. 1),Contracted B 
FEEDBACK (v. 1),I
FEEDBACK (v. 2),modified-5
FEEDBACK (v. 2 alt.),E
FEEL (v. 1),bent-midfinger-5
FENCE,4
FENCING,A-index 
FIGHT (v. 1),S
FIGHT (v. 2),I
FIGHT (v. 4),bent-1 
FIGURE (v. 1),A
FIGURE (v. 2),K
FIGURE (v. 3),modified-O
FILE (v. 2),extended-B
FILL_OUT (v. 2),crooked-5
FILM (v. 1),3
FILM (v. 2),5
FINALLY (v. 1),I
FINALLY (v. 2),1
FIND (v. 2),F
FINE (v. 1),5
FINE (v. 1 alt.),5
FINE (v. 2),closed-X
GAME,extended-A
GAY (v.1),extended-B
GENERATION,bent-extended-B
GESTURE,5
GHOST,F
GIRAFFE,C
GIRL,extended-A
GIVE (v.2),X
GLASS (v.2),crooked-1
GLASSES,crooked-L
GLUE,modified-g
GO (v.1),1
GO (v.4),extended-B
GO AHEAD,bent-extended-B
GOAL (v.1),1
GOD,extended-B
FINGER,1
FINGERSPELL,bent-5
FINISH,5
FIRE (v. 1),5
FIREFIGHTER (v. 1),C-index
FIRST (v. 2),1
FIRST (v. 3),1
FISH,B1
FISHING,covered-T
FIX (v. 1),S
FIX (v. 2),F
FLASHLIGHT,contracted-5
FLOAT,extended-B
FLOOR,B1
FLOWER,flat-O
FLY (v. 1),combined-ILY
FLY (v. 2),extended-B
FLY (v. 4),covered-T
FOCUS (v. 1),C
FOCUS_ON (v. 2),extended-B
FOLD (v. 1),extended-B
FOLLOW (v. 1),extended-A
GONE (v.3),A
(BE) GONE (v.4),bent-extended-B
GOOD (v.1),bent-extended-B
(VERY) GOOD (v.2),extended-A
GORILLA,A
GOVERNMENT (v.2),G
GRAMMAR,modified-g
GRANDFATHER (v.1),5
GRANDFATHER (v.4),bent-extended-B
GRANDMOTHER (v.1),5
GRANDMOTHER (v.4),bent-extended-B
GRASS (v.1),crooked -4
GRASS (v.2),crooked-5
GREAT (v.1),extended-B
GREEN,modified-g
GREET(v.1),B1
GREET (v.2),extended-B
GRIEVE,crooked-5
GRIND (v.1),S
GRIND (v.2),A
GRIND (v.3),S
GROUP (v.2),modified-g
GROW UP,extended-B
FOOL (v. 3),X
FOOL (v. 4),X
FOR,1
FORFEIT (v. 2),X
FORM (v. 2),1
FORMER (v. 1),5
FOUL (v. 1),5
FOUL (v. 2),1
FOUR,4
FOX,F
FRACTION (v. 2),extended-B
FRAME (v. 1),modified-g
FRECKLES,crooked-5
FREE (v. 1),S
FREE (v. 2),F
FREEWAY,V
FRENCH,F
FRENCH (alt.),F
FRENCH (alt. 2),F
FRENCH_FRIES,F
FRIDAY,F
FRIEND (v. 1),crooked-1
FRIEND (v. 2),1
(BEST [CLOSE]) FRIEND (v. 3),X
(BEST [CLOSE]) FRIEND (v. 4),extended-R
FRIENDLY,5
GUILTY,modified-g
GULLIBLE (v.2),bent-extended-B
GUM (v.2),crooked-L
GUM (v.3),X
GUN,L
GYM (v.1),bent-extended-B
GYM (v.2),extended-B
HABIT,S
HA-HA,bent-extended-u
HAIR ,F
HALF (v.2),1
HALL (v.1),extended-B
HALLOWE'EN (v.2),Extended-C
HALLOWE'EN (v.4),extended-B
HALLOWE'EN (v.5),modified-5
HAMBURGER,Extended-C
HAMMER,closed-A-index
HANDCUFFS,A
HANDS,extended-B
HANDSOME (v.2),Extended-C
HANG [HANGED] (v.2),S
HAPPY,extended-B
FRISK,crooked-5
FROM_NOW_ON,bent-extended-B
FRONT,extended-B
FRUSTRATED (v. 1),B1
FRUSTRATED (v. 2),B1
FRY,extended-B
FULL (v. 2),B1
FUNCTION (v. 1),S
FUNCTION (v. 2),bent-midfinger-5
FUNNY (v. 1),bent-extended-u
FUNNY (v. 2),Extended-C
FUNNY (v. 3),C
FURNITURE,F
FUTURE,extended-B
HARD (v.1),clawed-V
HARD (v.2),A
HARD OF HEARING ,U
HAT,extended-B
HATCH,Spread C 
HAVE (v.1),bent-extended-B
HE,bent-1 
HEAD (v.1),bent-extended-B
HEADACHE,bent-1 
HEALTH,bent-extended-B
HEAP (v.1),bent-extended-B
HEAP (v.2),bent-extended-B
HEAR,1
HEARING (v.1),1
HEARING (v.2),F
HEARING AID,X
HEART (v.1),bent-midfinger-5
HEART (v.2),bent-midfinger-5
HEAVEN,extended-B
HEAVY,bent-extended-B
HELL ,U
HELLO,B1
HELMET,crooked-5
HELP (v.2),extended-B
HEN (v.1),modified-g
HEN (v.2),3
HERE,extended-B
HIDE (v.2),B1
HIGH (v.1),U
HIGH (v.2),extended-B
HIGH (v.3),crooked-5
(I) LOVE_YOU,combined-ILY
ICE_CREAM,S
IDEA,I
IF (v. 2),offset-F 
IF (v. 3),I
IGNORE,4
IMMATURE,combined-I+1
IMMATURE (alt.),combined-I+1
IMMERSE,modified-O
IMPORTANT (v. 1),F
IMPORTANT (v. 2),I
IMPOSSIBLE,Y
IMPROVE,extended-B
INCH,Y
INCREDIBLE (v. 1),crooked-5
INDEPENDENT,I
INDIAN,F
INDIAN (alt.),F
INDIAN (alt. 2),F
INFECTION (alt.),I
INJECTION,bent-L
INNOCENT,U
INSPIRED,5
INSTEAD,F
INSTITUTE (v. 2),Spread C 
INSULT,1
INSULT (alt.),1
INSURANCE,I
INTERESTING (v. 2),extended-B
INTERNET,bent-midfinger-5
INTERVIEW,I
INTRODUCE,bent-extended-B
INVEST (v. 2),double-C-index
INVITE,bent-extended-B
IRON (v. 1),crooked-1
ISOLATED,1
ITCH,crooked-5
JACKET,extended-A
JEALOUS (v. 1),crooked-1
JIGSAW_PUZZLE (v. 1),bent-U
JIGSAW_PUZZLE (v. 2),extended-A
JOKE (v. 2),X
JOURNEY,crooked-V
JUDGE,F
JUGGLE,crooked-5
HINGE,crooked-5
HIS,extended-B
HISTORY,U
HITCHHIKE,extended-A
HOLD (v.1),S
HOLIDAY (v.1),5
HOLY,extended-B
HOME,modified-O
HONOUR [HONOR],U
HOOD (v.1),closed-A-index
HOPE (v.1),bent-extended-B
HOPE (v.2),bent-extended-B
HOSE (v.2),1
HOSE (v.3),F
HOSPITAL (v.1),bent-U
HOSPITAL (v.2),U
HOSPITAL (v.4),F
HOSPITAL (v.5),crooked-5
HOT (v.1),clawed-extended-5
HOT (v.2),bent-midfinger-5
LANGUAGE,L
LAPTOP,extended-B
LAST (v. 1),I
LAST (v. 2),extended-A
LATE (v. 1),extended-B
(TOO) LATE (v. 2),extended-B
LATER (v. 1),L
LATER (v. 2),bent-extended-B
LAWN_MOWER,S
LAWN_MOWER (alt.),S
LAY,bent-extended-B
LEATHER,A-index 
LEAVE (v. 2),5
LECTURE,extended-B
HOUSE,extended-B
HOW (v.1),Open-A 
HOW (v.2),Open-A 
HOWL (v.1),Spread C 
HOWL (v.2),crooked-5
HOWL (v.3),extended-B
HOWL (v.4),5
HUG,S
HUMOROUS,bent-extended-u
HUNGRY (v.1),Extended-C
HUNGRY (v.2),bent-extended-B
HUNT (v.1),C
HUNT (v.2),L
HURRY (v.1),U
HURRY (v.2),U
HURT (v.1),bent-1 
HURT (v.2),A
HURT (v.3),bent-1 
HURT (v.4),Y
HURT (v.5),slanted-V
HUSBAND,Extended-C
HYPOCRITE ,extended-B
KANGAROO,bent-extended-B
KEEP,K
KEY (v.1),covered-T
KEY (v.2),bent-1 
KEY (v.3),F
KID (v.2),X
KINDERGARTEN,K
KING,K
KISS (v.1),bent-extended-B
KISS (v.2),flat-O
KITCHEN,extended-B
KNIFE,U
KNIT,1
KNOW (v.1),extended-B
LEFT (v. 1),L
(TURN) LEFT (v. 2),extended-B
LEMON (v. 1),L
LEMON (v. 2),Y
LEND,K
LESBIAN,L
LESS_THAN (v. 2),extended-B
LET_GO,crooked-5
(LOWER_CASE) LETTER (v. 4),modified-g
LETTER (v. 2),L
(UPPER_CASE) LETTER (v. 5),C-index
(UPPER_CASE) LETTER (v. 5 alt.),C-index
LIBRARY,L
LICK,bent-extended-u
LIE (v. 1),Bent-B 
LIFT (v. 1),crooked- slanted- 5
LIGHT (v. 1),covered-8 
LIGHT (v. 2),1
LIGHT (v. 3),bent-midfinger-5
LIGHTNING,1
LIKE (v. 2),extended-B
LIKE (v. 3),bent-midfinger-5
LIKE (v. 4),Y
LINE,I
LION,crooked- slanted- 5
LIPS,1
LIPSTICK,closed-X
LISTEN,Extended-C
LIVE,L
LIVING_ROOM,extended-B
LOAD (v. 2),S
LOAD (v. 3),bent-extended-B
LOCK (v. 1),V
LOCK (v. 3),S
LOCK (v. 4),bent-V
LOLLIPOP,covered-T
LONELY,1
LONG (v. 1),1
LONG (v. 2),1
LONG (v. 3),crooked-5
LOOK [LOOK_AT] (v. 1),bent-V
LOOK (v. 2),1
LOOK_BACK,bent-V
LOOK_FOR,C
LOOK_FORWARD_TO,V
MAINSTREAM,5
MAJOR (v.2),bent-1 
MAKE BELIEVE ,I
MAN,5
MARCH ( v.1),4
MARRY,Extended-C
MASSAGE,crooked-5
MATCH (v.1),crooked-5
MAYBE,extended-B
ME,bent-1 
MEASURE,Y
MEAT (v.2),U
MEAT (v.3),5
MEDITATE,flat-O
MEET (v.1),1
MEET (v.3),Bent-B 
MEMBER (v.1),bent-extended-B
MESS (v.2),5
METAL,crooked-1
MICROPHONE,S
MICROSCOPE,C
MILK,S
MIND (v.1),crooked-1
MIND (v.2),K
MIND (v.3),Spread C 
MIND (v.4),1
(MAKE UP ONE'S) MIND (v.6),F
MINE (v.2),extended-B
MINIMUM,extended-B
MIRROR,extended-B
MISCHIEVOUS,crooked-extended-V
MISS (v.3),F
MISS (v.4),1
MISUNDERSTAND,V
MOCK (v.1),combined-I+1
MOCK (v.2),1
MODEL (v.5),extended-B
MONEY (v.2),offset-O
MONSTER,Spread C 
MONTH,1
MOON,C
MOOSE,5
MOP,closed-A-index
MORE (v.1),modified-O
MORE (v.2),extended-B
MORE (v.3),K
MORNING (v.1),extended-B
MORNING (v.2),S
MOST,extended-A
MOTHER (v.1),1
MOTHER (v.2),5
MOTIVATE,extended-B
MOTIVATED,extended-B
MOTORCYCLE,S
MOUSE (v.1),1
(NEVER) MIND (v.7),bent-extended-B
LOUD (v. 1),modified-5
LOUSY,3
LOVE,A
LUCKY (v. 1),U
LUCKY (v. 2),bent-midfinger-5
LUNGS,bent-extended-B
OFFEND,1
OFTEN (v.2),bent-extended-B
OH I SEE,Y
OLD,S
ONION,X
ONLY (v.1),1
ONLY (v.2),1
OPEN (v.1),B1
OPEN (BOOK) (v.2),extended-B
OPEN (DOOR) (v.3),B1
OPEN (WINDOW) (v.5),bent-extended-B
OPPORTUNITY (v.1),A
ORAL (v.1),clawed-V
ORAL (v.2),4
MOUTH,1
MOVE (v.2),extended-B
MOVIE (v.1),5
MOVIE (v.2),extended-B
MUCH,crooked-5
MUSCLE (v.1),bent-extended-B
MUSIC,extended-B
MUST ,X
MY,extended-B
MYSELF,extended-A
NAME,U
NAPKIN,extended-B
NEAR,bent-extended-B
NECK (v. 1),bent-extended-B
NECK (v. 2),S
NECKLACE,bent-1 
NEED,X
NEPHEW,bent-U
NERVE (v. 2),clawed-V
NET (v. 1),4
NET (v. 2),F
NEUTRAL,bent-U
NEVER,B1
ORANGE (v.2),I
ORDER (v.1),1
ORDER (v.2),B1
ORGANIZATION (v.2),extended-B
OTHER ,extended-A
OUR,Extended-C
OUT (v.4),extended-A
OVER (v.3),extended-B
(ALL) OVER (v.4),5
OVER ONE'S HEAD (v.7),bent-extended-B
OVER - (v.9),bent-extended-B
OVERLOOK,extended-B
OVERNIGHT,extended-B
OVERWHELMED (v.1),5
OVERWHELMED (v.2),bent-extended-B
OWL (v.2),X
OWN,bent-extended-B
QUALITY (v.3),C
QUARTER (v.2),bent-midfinger-5
QUEEN,modified-g
NEXT (v. 1),bent-extended-B
NEXT (v. 3),L
NICE,extended-B
NIECE,bent-U
NINE,F
NO (v. 3),extended-B
NO (v. 4),extended-B
NONSENSE (v. 1),Y
NONSENSE (v. 2),4
NOON,extended-B
NORTH,bent-U
NOSE,1
NOT,extended-A
NOTHING (v. 2),F
NOW (v. 1),Y
NUMBER,modified-O
NUT (v. 1),extended-A
NUT (v. 2),modified-g
PACK,flat-O
PAIN,bent-1 
PAINT (v. 1),extended-B
(A) PAIR_OF,V
PANCAKE,extended-B
PANTS (v. 1),bent-5
PANTS (v. 2),extended-B
PAPER,crooked-5
PARADE,bent -4
PARALLEL (v. 1),1
PARANOID,bent-extended-B
PARTY (v. 1),F
PARTY (v. 2),Y
PARTY (v. 3),K
PASS (v. 1),A
PASS (v. 3),3
PASS (v. 4),flat-O
PASS (v. 5),flat-O
PASS (v. 5 alt. 2),C
(MAKE_A) PASS_AT (v. 7),5
PASS_OUT (v. 2),Contracted B 
PAST (v. 3),A
PATIENT (v. 1),A
PAY (SOMEONE) BACK (v. 7),closed-X
RABBIT (v.2),contracted-U
RACE (v.1),A
RADIO (v.1),Spread C 
RADIO (v.3),A-index 
RAIN,crooked-5
RAINBOW,4
RAKE (v.1),A
RANGE (v.1),extended-B
RANGE (v.2),1
(A) RANGE OF (v.3),1
RAZOR,X
REACH (v.2),bent-midfinger-5
REACH (v.3),crooked-5
REACT (v.2),bent-1 
REALLY,1
REASON (v.1),extended-R
(IT STANDS TO) REASON (v.2),1
RECENT (v.1),X
RECENT (v.2),bent-extended-B
RECITE (v.3),4
REDUCE (v.1),bent-extended-B
REDUCE (v.2),bent-U
REFLECT ON (v.3),flat-O
REFRIGERATOR,A
REFUSE (v.1),extended-A
REGULAR,1
RELATIONSHIP,F
PEEL (v. 3),V
PENCIL (v. 2),K
PENGUIN,extended-B
PENIS,K
PENNY,1
PEOPLE,K
PEPPER,F
PERFECT,F
PERFUME,1
PERIOD (v. 2),A
PERIOD (v. 3),closed-X
PERIOD (v. 4),closed-X
PERMIT (v. 1),K
PERSON,K
PERSON (alt.),B1
RELAX,extended-B
REMEMBER,extended-A
REMIND (v.1),bent-extended-B
REMIND (v.2),1
REMOTE CONTROL,A-index 
REPLACE,F
RESCUE,S
RESENT,5
RESIST,S
RESPECT (v.2),1
(WITH) RESPECT TO (v.3),bent-1 
RESPONSIBLE (v.1),bent-extended-B
RESPONSIBLE (v.2),bent-extended-B
REST (v.3) ,5
REST (v.4),extended-A
REST (v.5),bent-extended-B
RESTLESS (v.1),crooked-V
REVENGE,closed-X
RICH (v.2),5
RIGHT (v.1),extended-B
RIGHT (v.2),1
(TURN) RIGHT (v.4),extended-B
RISK ,A
ROAD,extended-B
ROAR,Spread C 
PERSUADE,X
PET,extended-B
PHILOSOPHY,K
PHOTOGRAPH (v. 3),crooked-L
PHYSICS,crooked-V
PIANO,crooked-5
PICNIC (v. 1),bent-extended-B
PICNIC (v. 2),extended-B
PIE,extended-B
PIG (v. 1),bent-extended-B
PIG (v. 2),1
PIG (v. 3),S
(MAKE_A) PIG_OF_ONESELF,B1
PILE (v. 1),bent-extended-B
PILE (v. 2),bent-extended-B
PINCH,A-index 
PINK (v. 1),K
PINK (v. 2),8
PINK (v. 3),K
PINK (v. 4),L
PIPE (v. 1),Y
PIPE (v. 2),C
PIRATE,extended-B
PITCHER,S
PITY,bent-midfinger-5
PLACE (v. 1),extended-A
PLACE (v. 3),flat-O
PLACE (v. 4),3
PLAIN (v. 1),bent-extended-B
(IN) PLAIN_ENGLISH (v. 5),B1
PLAN,extended-B
PLANT (v. 2),flat-O
PLANT (v. 3),flat-O
PLATE (v. 1),C-index
PLATFORM,extended-B
PLAY (v. 1),Y
PLAY (v. 2),extended-A
PLOUGH [PLOW] (v. 1),crooked-5
PLOUGH [PLOW] (v. 2),extended-B
PLUNGER,S
PLUS,1
POINT [POINT_OUT] (v. 1),1
POINT (v. 2),1
POLE (v. 1),C
POLE (v. 2),F
POLE (v. 2 alt.),F
POLICE,C
POOL (v. 2),S
ROCK (v.1),A
ROCKING CHAIR (v.1),3
ROLL (v.1),1
ROLLER BLADING,B1
ROLLER SKATING ,clawed-V
ROOF,extended-B
(ROOM)MATE (v.4),crooked-5
ROOSTER,3
ROUGH (v.2),A
ROUGH (v.3),5
ROW (v.1),S
ROW (v.2),clawed-V
RUDE ,A-index 
RUIN (v.1),X
RUN (v.4),4
RUN (v.5),4
RUN (v.6),5
RUN (v.8),extended-A
RUN (v.9),bent-midfinger-5
RUN (v.10) ,A
RUN (v.12),bent-1 
(ON THE) RUN (v.14),U
RUSH (v.2),extended-B
POP (v. 2),covered-T
POPE,B1
POPULAR (v. 2),bent-5
PORCUPINE,4
POSITIVE (v. 1),1
POSITIVE (v. 2),bent-extended-B
POSSIBLE,A
POSTPONE,F
POTATO (v. 2),1
POUR,Y
POUR (alt.),Y
(FACE) POWDER (v. 1),extended-B
POWDER (v. 2),C
SAD,crooked-5
SAFE (v.1),S
SAIL,Extended-C
SALAD,crooked- slanted- 5
SALT (v.1),V
SALT (v.2),U
SAME (v.1),Y
SAME (v.2),1
SAME (v.4),Y
SANDWICH (v.1),extended-B
SANDWICH (v.2),flat-C 
SANTA CLAUS (v.1),crooked-5
SANTA CLAUS (v.2),crooked-5
SANTA CLAUS (v.3),C
SARCASTIC,combined-I+1
SATURDAY,S
SAUCE,Y
SAVE (v.1),V
SAVE (v.5),extended-B
SCAR,1
SCARF (v.1),covered-T
SCHEDULE ,5
SCHOOL (v.1),extended-B
SCHOOL (v.2),extended-B
SCHOOL (v.4),K
SCIENCE,extended-A
SCOLD,1
SCOUT (v.2),closed-W
POWER (v. 1),Spread C 
POWER (v. 2),S
PRACTISE [PRACTICE],extended-A
PRAY,extended-B
PRAYER,extended-B
PREACH,F
PRECIOUS (v. 2),F
PREFER (v. 2),extended-A
PREGNANT (v. 1),crooked-5
(GET) PREGNANT (v. 2),5
PRESS (v. 1),Extended-C
PRESS (v. 4),S
PRIDE,extended-A
PRIEST,modified-g
PRINCE,K
PRIORITY,5
PRISON,4
PROCESS,bent-extended-B
PROFOUNDLY_DEAF,1
SCREAM,Spread C 
SCRUB,A
SEAL (v.1),extended-B
SEAL (v.3),extended-B
SECRET,A
SEE (v.1),K
SEE (v.3),A
(SEE) SEEN BEFORE (v.5),bent-midfinger-5
(SEE) NOT SEEN  BEFORE (v.6),bent-midfinger-5
SEEM,bent-extended-B
SELF-,extended-A
SELL,flat-O
SENATE,S
SENSITIVE (v.1),bent-midfinger-5
SENTENCE (v.1),F
SERIOUS (v.1),bent-1 
SERIOUS (v.2),B1
SERIOUS (v.3),Y
SERVE (v.1),extended-B
SERVE (v.4),extended-B
SEW (v.1),F
SHAKE (v.1),C
SHAKE (v.2),Extended-C
SHAKE (v.3),5
SHAKE (v.4),extended-B
SHAME,bent-extended-B
PROGRAM (v. 3),Contracted B 
PROMOTE (v. 1),extended-B
PROMOTE (v. 3),bent-extended-B
PROOF (v. 4),extended-B
PROTECT,S
PROTEST,S
PUMPKIN (v. 1),B1
PUMPKIN (v. 3),crooked-5
PUNISH,1
PURPLE,K
PUSH,extended-B
SHAMPOO,clawed-extended-5
SHAPE (v.2),A
(IN GOOD) SHAPE (v.4),S
SHARP (v.2),extended-B
SHARP (v.3),Extended-C
SHARP (v.4),bent-midfinger-5
SHARP (v.7),closed-X
SHAVE (v.1),X
SHEEP ,K
SHELF,B1
SHIELD,S
SHIRT (v.1),F
SHIRT (v.2),crooked-5
SHOCKED,bent-5
SHOES (v.2),S
SHOES (v.3),B1
SHOP (v.1),flat-O
SHORT (v.1),U
SHORT (v.2),1
SHORT (v.3),extended-B
SHORT HAIR (v.5),bent-extended-B
SHORTS,bent-extended-B
(GIVE IT A) SHOT (v.2),extended-A
SHOULD,X
SHOULDER ,bent-1 
SHOUT,Spread C 
SHOVEL (v.1),S
SHOVEL (v.3),S
SHOW (v.5),3
SHOWER (v.2),crooked-5
TAIL,1
TAKE_CARE_OF (v. 14),K
TAKE_IT_EASY (v. 19),extended-B
TAKE_OFF (v. 21),combined-ILY
TAKE_OFF (v. 22),covered-T
TAKE_ONE'S_TIME (v. 26),5
TAKE_TURNS (v. 30),L
TAKE_TURNS (v. 30 alt.),L
SHY,bent-extended-B
SICK (v.1),bent-midfinger-5
SICK OF (v.3),bent-midfinger-5
SIDE WITH (v.3),S
SIDEBURNS,A-index 
SIGN (v.1),1
SIGN (v.3),1
SILLY ,Y
SINCE (v.1),bent-1 
SING,extended-B
SINGLE (v.1),1
SINGLE (v.2),1
SINGLE (v.3),S
SISTER (v.1),L
SISTER (v.2),S
SIT ,U
SKATES,X
SKATEBOARDING,extended-B
(DOWNHILL) SKI (v.2),X
(DOWNHILL) SKI (v.3),S
SKIN,A-index 
SKIRT,crooked-5
SKUNK,K
SLAVE,S
SLAVE (v.2),S
SLED,clawed-V
SLIDE (v.1),extended-B
SLIDE (v.2),clawed-V
SLIDE (v.3),5
(MAKE A) SLIP (v.5),Y
SLOW (v.2),extended-B
SLOW (v.3),1
SMALL (v.1),extended-B
SMALL (v.2),extended-B
SMALL (v.3),extended-B
SMALL (v.4),S
SMART (v.2),1
SMART (v.3),extended-B
SMART (v.4),spread-open-O
SMELL ,extended-B
SMILE ,1
SMOKE (v.3),5
SMOKE (v.4),slanted-V
SNAKE (v.1),crooked-V
SNAKE (v.2),3
SNAP (v.2),bent-1 
SNAP ONE'S FINGERS (v.3),A
SNEAK AROUND (v.1),1
SNEAK UP ON (v.3),1
SNEEZE,bent-1 
SNOB,1
SO (v.1),crooked-5
SO (v.2),5
SOCIALIZE,extended-A
SOME,extended-B
SOMETHING ,1
SON,B1
SOON (v.1),U
SOON (v.2),F
SOON (v.3),A
(VERY) SOON (v.4),5
SOPHISTICATED (v.1),combined-I+1
SOPHISTICATED (v.2),X
SOPHISTICATED (v.3),bent-extended-B
SORRY (v.1),A
(FEEL) SORRY FOR (v.2),bent-midfinger-5
SOUND (v.1),1
SOUND (v.2),bent-extended-B
SOUP,extended-U 
SOUR,1
SOUTH ,S
SPACE (v.1),S
SPACE (v.2),bent-midfinger-5
SPAGHETTI,I
SPECIAL (v.2),1
SPECIALIST,1
SPIDER,Spread C 
SPOON,U
SPOT (v.1),F
SPOT (v.2),K
(ON THE) SPOT (v.5),5
SPREAD (v.3),bent-extended-B
SPRING (v.3),clawed-V
SQUARE (v.1),1
STAIRS (v.1),clawed-extended-V
STAIRS (v.2),bent-extended-B
STAMP (v.3),extended-B
STAND (v.3),A
STAND (v.4),extended-A
STAND (v.5),modified-O
STAR (v.1),1
STAR (v.4),extended-B
STARE,bent-V
STAY (v.1),Y
STEP (v.1),extended-B
STEP (v.2),Bent-B 
STILL (v.2),Y
STINK (v.1),5
STINK (v.2),open-F
STOCKING (v.2),5
STOMACH,extended-B
STOPWATCH,extended-A
STRAIGHT (v.1),B1
STRAIGHT A'S (v.4),A
STRAIGHT (v.5),extended-B
STRAIN,bent-extended-B
STRANGLE,C
STRAW (v.1),crooked -4
STRAW (v.2),modified-g
STRETCH (v.1),S
STRETCH (v.2),S
STRICT (v.1),clawed-V
STRING,I
STRIPE ,modified-g
STRONG,S
(GIVE_A) TALK (v. 2),extended-B
TAPE (v. 1),extended-A
TAPE (v. 2),U
TASTE,bent-midfinger-5
TEA,F
TEACH,modified-O
TEACHER,modified-O
TEAR,closed-A-index
TEENAGER,bent-extended-B
TEETH,X
TELEPHONE,Y
(BE_ABLE_TO) TELL (v. 2),extended-B
(BE_UNABLE_TO) TELL (v. 3),extended-B
TEMPORARY,U
TEMPT,crooked-1
TENNIS,A
TEST (v. 2),F
TEST (v. 3),5
TEST (v. 4),1
TEST (v. 5),1
THANK,extended-B
THAT (v. 1),Y
THAT (v. 2),bent-1 
THEATRE,extended-A
THERE (v. 1),1
THERE (v. 2),extended-B
(IT'S_RIGHT) THERE (v. 3),bent-5
(IT'S_RIGHT) THERE (v. 4),1
THERMOMETER (v. 1),1
THERMOMETER (v. 2),bent-1 
THERMOMETER (v. 2 alt.),L
THESE,bent-1 
THEY,1
THIEF,bent-U
THIN (v. 1),modified-g
THIN (v. 2),I
THIN (v. 3),I
THING,extended-B
THINK (v. 1),1
THINK_OF [THINK_ABOUT THINK_OVER] (v. 2),1
THINK_OF [THINK_ABOUT THINK_OVER] (v. 3),flat-O
THIRD (v. 1),3
THIRD (v. 3),3
THIRST,1
THIS (v. 1),Y
THIS (v. 2),bent-1 
THREE,3
THROW_AWAY [THROW_OUT],S
THURSDAY,contracted-U
TICKLE,Spread C 
TIE (v. 2),bent-U
TIE (v. 3),contracted-C
TIE (v. 4),bent-extended-B
TIME_OUT (v. 3),extended-B
TIRED (v. 2),crooked-5
TOAST (v. 3),C
TOBACCO,Extended-C
TOGETHER,A
TOMORROW,extended-A
TONGUE (v. 1),1
TOOTHBRUSH,bent-1 
TOP (v. 1),extended-B
TOP (v. 3),closed-A-index
TORNADO,bent-1 
TOSS_A_SALAD (WITH_THE_HANDS) (v. 3),crooked- slanted- 5
TOSS_A_SALAD (WITH_UTENSILS) (v. 4),closed-A-index
TOUGH (v. 2),clawed-V
TOURNAMENT,clawed-V
TOW,X
TOWEL,S
TRACTOR,A
TRAFFIC (v. 1),5
(STOP_AND_GO) TRAFFIC (v. 2),5
TRAIN (v. 1),U
TRAIN (v. 2),U
TRANSFER,clawed-V
TRANSLATE,1
TRIANGLE,1
TRIM (v. 3),extended-B
AVERAGE (v.1),extended-B
AVERAGE (v.2),extended-B
AVOID,extended-A
AWAKE,C
AWARD,X
AWKWARD,3
CABBAGE,clawed-extended-5
CAFETERIA,Extended-C
CALENDAR,extended-B
CALL (v.2),U
CALL (v.3),Spread C 
CALL (v.5),Y
